1.3.6.1.4.1.14519.5.2.1.6279.6001.100225287222365663678666836860,0
1.3.6.1.4.1.14519.5.2.1.6279.6001.100398138793540579077826395208,1
1.3.6.1.4.1.14519.5.2.1.6279.6001.100621383016233746780170740405,2
1.3.6.1.4.1.14519.5.2.1.6279.6001.100953483028192176989979435275,3
1.3.6.1.4.1.14519.5.2.1.6279.6001.102681962408431413578140925249,4
1.3.6.1.4.1.14519.5.2.1.6279.6001.104562737760173137525888934217,5
1.3.6.1.4.1.14519.5.2.1.6279.6001.105495028985881418176186711228,6
1.3.6.1.4.1.14519.5.2.1.6279.6001.106164978370116976238911317774,7
1.3.6.1.4.1.14519.5.2.1.6279.6001.106379658920626694402549886949,8
1.3.6.1.4.1.14519.5.2.1.6279.6001.106630482085576298661469304872,9
1.3.6.1.4.1.14519.5.2.1.6279.6001.106719103982792863757268101375,10
1.3.6.1.4.1.14519.5.2.1.6279.6001.107109359065300889765026303943,11
1.3.6.1.4.1.14519.5.2.1.6279.6001.107351566259572521472765997306,12
1.3.6.1.4.1.14519.5.2.1.6279.6001.108197895896446896160048741492,13
1.3.6.1.4.1.14519.5.2.1.6279.6001.108231420525711026834210228428,14
1.3.6.1.4.1.14519.5.2.1.6279.6001.109002525524522225658609808059,15
1.3.6.1.4.1.14519.5.2.1.6279.6001.110678335949765929063942738609,16
1.3.6.1.4.1.14519.5.2.1.6279.6001.111172165674661221381920536987,17
1.3.6.1.4.1.14519.5.2.1.6279.6001.111258527162678142285870245028,18
1.3.6.1.4.1.14519.5.2.1.6279.6001.111496024928645603833332252962,19
1.3.6.1.4.1.14519.5.2.1.6279.6001.112740418331256326754121315800,20
1.3.6.1.4.1.14519.5.2.1.6279.6001.112767175295249119452142211437,21
1.3.6.1.4.1.14519.5.2.1.6279.6001.113679818447732724990336702075,22
1.3.6.1.4.1.14519.5.2.1.6279.6001.114195693932194925962391697338,23
1.3.6.1.4.1.14519.5.2.1.6279.6001.114218724025049818743426522343,24
1.3.6.1.4.1.14519.5.2.1.6279.6001.114249388265341701207347458535,25
1.3.6.1.4.1.14519.5.2.1.6279.6001.114914167428485563471327801935,26
1.3.6.1.4.1.14519.5.2.1.6279.6001.115386642382564804180764325545,27
1.3.6.1.4.1.14519.5.2.1.6279.6001.117040183261056772902616195387,28
1.3.6.1.4.1.14519.5.2.1.6279.6001.118140393257625250121502185026,29
1.3.6.1.4.1.14519.5.2.1.6279.6001.119209873306155771318545953948,30
1.3.6.1.4.1.14519.5.2.1.6279.6001.119304665257760307862874140576,31
1.3.6.1.4.1.14519.5.2.1.6279.6001.119515474430718803379832249911,32
1.3.6.1.4.1.14519.5.2.1.6279.6001.119806527488108718706404165837,33
1.3.6.1.4.1.14519.5.2.1.6279.6001.121108220866971173712229588402,34
1.3.6.1.4.1.14519.5.2.1.6279.6001.121391737347333465796214915391,35
1.3.6.1.4.1.14519.5.2.1.6279.6001.121824995088859376862458155637,36
1.3.6.1.4.1.14519.5.2.1.6279.6001.121993590721161347818774929286,37
1.3.6.1.4.1.14519.5.2.1.6279.6001.122621219961396951727742490470,38
1.3.6.1.4.1.14519.5.2.1.6279.6001.122914038048856168343065566972,39
1.3.6.1.4.1.14519.5.2.1.6279.6001.123654356399290048011621921476,40
1.3.6.1.4.1.14519.5.2.1.6279.6001.123697637451437522065941162930,41
1.3.6.1.4.1.14519.5.2.1.6279.6001.124154461048929153767743874565,42
1.3.6.1.4.1.14519.5.2.1.6279.6001.124663713663969377020085460568,43
1.3.6.1.4.1.14519.5.2.1.6279.6001.124822907934319930841506266464,44
1.3.6.1.4.1.14519.5.2.1.6279.6001.125124219978170516876304987559,45
1.3.6.1.4.1.14519.5.2.1.6279.6001.126264578931778258890371755354,46
1.3.6.1.4.1.14519.5.2.1.6279.6001.126631670596873065041988320084,47
1.3.6.1.4.1.14519.5.2.1.6279.6001.126704785377921920210612476953,48
1.3.6.1.4.1.14519.5.2.1.6279.6001.127965161564033605177803085629,49
1.3.6.1.4.1.14519.5.2.1.6279.6001.128023902651233986592378348912,50
1.3.6.1.4.1.14519.5.2.1.6279.6001.128059192202504367870633619224,51
1.3.6.1.4.1.14519.5.2.1.6279.6001.128881800399702510818644205032,52
1.3.6.1.4.1.14519.5.2.1.6279.6001.129007566048223160327836686225,53
1.3.6.1.4.1.14519.5.2.1.6279.6001.129055977637338639741695800950,54
1.3.6.1.4.1.14519.5.2.1.6279.6001.129567032250534530765928856531,55
1.3.6.1.4.1.14519.5.2.1.6279.6001.129982010889624423230394257528,56
1.3.6.1.4.1.14519.5.2.1.6279.6001.130036599816889919308975074972,57
1.3.6.1.4.1.14519.5.2.1.6279.6001.130438550890816550994739120843,58
1.3.6.1.4.1.14519.5.2.1.6279.6001.130765375502800983459674173881,59
1.3.6.1.4.1.14519.5.2.1.6279.6001.131939324905446238286154504249,60
1.3.6.1.4.1.14519.5.2.1.6279.6001.132817748896065918417924920957,61
1.3.6.1.4.1.14519.5.2.1.6279.6001.133378195429627807109985347209,62
1.3.6.1.4.1.14519.5.2.1.6279.6001.134370886216012873213579659366,63
1.3.6.1.4.1.14519.5.2.1.6279.6001.134519406153127654901640638633,64
1.3.6.1.4.1.14519.5.2.1.6279.6001.134996872583497382954024478441,65
1.3.6.1.4.1.14519.5.2.1.6279.6001.135657246677982059395844827629,66
1.3.6.1.4.1.14519.5.2.1.6279.6001.137375498893536422914241295628,67
1.3.6.1.4.1.14519.5.2.1.6279.6001.137763212752154081977261297097,68
1.3.6.1.4.1.14519.5.2.1.6279.6001.137773550852881583165286615668,69
1.3.6.1.4.1.14519.5.2.1.6279.6001.138080888843357047811238713686,70
1.3.6.1.4.1.14519.5.2.1.6279.6001.138813197521718693188313387015,71
1.3.6.1.4.1.14519.5.2.1.6279.6001.138904664700896606480369521124,72
1.3.6.1.4.1.14519.5.2.1.6279.6001.139258777898746693365877042411,73
1.3.6.1.4.1.14519.5.2.1.6279.6001.140239815496047437552471323962,74
1.3.6.1.4.1.14519.5.2.1.6279.6001.140253591510022414496468423138,75
1.3.6.1.4.1.14519.5.2.1.6279.6001.141069661700670042960678408762,76
1.3.6.1.4.1.14519.5.2.1.6279.6001.141149610914910880857802344415,77
1.3.6.1.4.1.14519.5.2.1.6279.6001.141345499716190654505508410197,78
1.3.6.1.4.1.14519.5.2.1.6279.6001.141430002307216644912805017227,79
1.3.6.1.4.1.14519.5.2.1.6279.6001.141511313712034597336182402384,80
1.3.6.1.4.1.14519.5.2.1.6279.6001.142154819868944114554521645782,81
1.3.6.1.4.1.14519.5.2.1.6279.6001.142485715518010940961688015191,82
1.3.6.1.4.1.14519.5.2.1.6279.6001.143412474064515942785157561636,83
1.3.6.1.4.1.14519.5.2.1.6279.6001.143622857676008763729469324839,84
1.3.6.1.4.1.14519.5.2.1.6279.6001.144883090372691745980459537053,85
1.3.6.1.4.1.14519.5.2.1.6279.6001.145759169833745025756371695397,86
1.3.6.1.4.1.14519.5.2.1.6279.6001.146987333806092287055399155268,87
1.3.6.1.4.1.14519.5.2.1.6279.6001.147250707071097813243473865421,88
1.3.6.1.4.1.14519.5.2.1.6279.6001.147325126373007278009743173696,89
1.3.6.1.4.1.14519.5.2.1.6279.6001.148229375703208214308676934766,90
1.3.6.1.4.1.14519.5.2.1.6279.6001.148447286464082095534651426689,91
1.3.6.1.4.1.14519.5.2.1.6279.6001.149041668385192796520281592139,92
1.3.6.1.4.1.14519.5.2.1.6279.6001.149463915556499304732434215056,93
1.3.6.1.4.1.14519.5.2.1.6279.6001.149893110752986700464921264055,94
1.3.6.1.4.1.14519.5.2.1.6279.6001.150097650621090951325113116280,95
1.3.6.1.4.1.14519.5.2.1.6279.6001.150684298696437181894923266019,96
1.3.6.1.4.1.14519.5.2.1.6279.6001.151764021165118974848436095034,97
1.3.6.1.4.1.14519.5.2.1.6279.6001.153536305742006952753134773630,98
1.3.6.1.4.1.14519.5.2.1.6279.6001.153646219551578201092527860224,99
1.3.6.1.4.1.14519.5.2.1.6279.6001.153732973534937692357111055819,100
1.3.6.1.4.1.14519.5.2.1.6279.6001.153985109349433321657655488650,101
1.3.6.1.4.1.14519.5.2.1.6279.6001.154677396354641150280013275227,102
1.3.6.1.4.1.14519.5.2.1.6279.6001.154703816225841204080664115280,103
1.3.6.1.4.1.14519.5.2.1.6279.6001.154837327827713479309898027966,104
1.3.6.1.4.1.14519.5.2.1.6279.6001.156016499715048493339281864474,105
1.3.6.1.4.1.14519.5.2.1.6279.6001.159996104466052855396410079250,106
1.3.6.1.4.1.14519.5.2.1.6279.6001.160124400349792614505500125883,107
1.3.6.1.4.1.14519.5.2.1.6279.6001.160586340600816116143631200450,108
1.3.6.1.4.1.14519.5.2.1.6279.6001.161067514225109999586362698069,109
1.3.6.1.4.1.14519.5.2.1.6279.6001.161855583909753609742728521805,110
1.3.6.1.4.1.14519.5.2.1.6279.6001.162351539386551708034407968929,111
1.3.6.1.4.1.14519.5.2.1.6279.6001.162718361851587451505896742103,112
1.3.6.1.4.1.14519.5.2.1.6279.6001.162845309248822193437735868939,113
1.3.6.1.4.1.14519.5.2.1.6279.6001.162901839201654862079549658100,114
1.3.6.1.4.1.14519.5.2.1.6279.6001.163901773171373940247829492387,115
1.3.6.1.4.1.14519.5.2.1.6279.6001.163994693532965040247348251579,116
1.3.6.1.4.1.14519.5.2.1.6279.6001.164988920331211858091402361989,117
1.3.6.1.4.1.14519.5.2.1.6279.6001.167237290696350215427953159586,118
1.3.6.1.4.1.14519.5.2.1.6279.6001.167661207884826429102690781600,119
1.3.6.1.4.1.14519.5.2.1.6279.6001.167919147233131417984739058859,120
1.3.6.1.4.1.14519.5.2.1.6279.6001.168037818448885856452592057286,121
1.3.6.1.4.1.14519.5.2.1.6279.6001.168605638657404145360275453085,122
1.3.6.1.4.1.14519.5.2.1.6279.6001.168737928729363683423228050295,123
1.3.6.1.4.1.14519.5.2.1.6279.6001.168833925301530155818375859047,124
1.3.6.1.4.1.14519.5.2.1.6279.6001.168985655485163461062675655739,125
1.3.6.1.4.1.14519.5.2.1.6279.6001.169128136262002764211589185953,126
1.3.6.1.4.1.14519.5.2.1.6279.6001.170052181746004939527661217512,127
1.3.6.1.4.1.14519.5.2.1.6279.6001.170706757615202213033480003264,128
1.3.6.1.4.1.14519.5.2.1.6279.6001.170921541362033046216100409521,129
1.3.6.1.4.1.14519.5.2.1.6279.6001.171177995014336749670107905732,130
1.3.6.1.4.1.14519.5.2.1.6279.6001.171667800241622018839592854574,131
1.3.6.1.4.1.14519.5.2.1.6279.6001.172243743899615313644757844726,132
1.3.6.1.4.1.14519.5.2.1.6279.6001.172573195301625265149778785969,133
1.3.6.1.4.1.14519.5.2.1.6279.6001.173101104804533997398137418032,134
1.3.6.1.4.1.14519.5.2.1.6279.6001.173106154739244262091404659845,135
1.3.6.1.4.1.14519.5.2.1.6279.6001.173556680294801532247454313511,136
1.3.6.1.4.1.14519.5.2.1.6279.6001.173931884906244951746140865701,137
1.3.6.1.4.1.14519.5.2.1.6279.6001.174168737938619557573021395302,138
1.3.6.1.4.1.14519.5.2.1.6279.6001.174449669706458092793093760291,139
1.3.6.1.4.1.14519.5.2.1.6279.6001.174692377730646477496286081479,140
1.3.6.1.4.1.14519.5.2.1.6279.6001.174907798609768549012640380786,141
1.3.6.1.4.1.14519.5.2.1.6279.6001.176030616406569931557298712518,142
1.3.6.1.4.1.14519.5.2.1.6279.6001.176638348958425792989125209419,143
1.3.6.1.4.1.14519.5.2.1.6279.6001.176869045992276345870480098568,144
1.3.6.1.4.1.14519.5.2.1.6279.6001.177086402277715068525592995222,145
1.3.6.1.4.1.14519.5.2.1.6279.6001.177252583002664900748714851615,146
1.3.6.1.4.1.14519.5.2.1.6279.6001.177685820605315926524514718990,147
1.3.6.1.4.1.14519.5.2.1.6279.6001.177785764461425908755977367558,148
1.3.6.1.4.1.14519.5.2.1.6279.6001.178391668569567816549737454720,149
1.3.6.1.4.1.14519.5.2.1.6279.6001.178680586845223339579041794709,150
1.3.6.1.4.1.14519.5.2.1.6279.6001.179049373636438705059720603192,151
1.3.6.1.4.1.14519.5.2.1.6279.6001.179162671133894061547290922949,152
1.3.6.1.4.1.14519.5.2.1.6279.6001.179209990684978588019929720099,153
1.3.6.1.4.1.14519.5.2.1.6279.6001.179730018513720561213088132029,154
1.3.6.1.4.1.14519.5.2.1.6279.6001.179943248049071805421192715219,155
1.3.6.1.4.1.14519.5.2.1.6279.6001.182192086929819295877506541021,156
1.3.6.1.4.1.14519.5.2.1.6279.6001.183184435049555024219115904825,157
1.3.6.1.4.1.14519.5.2.1.6279.6001.183843376225716802567192412456,158
1.3.6.1.4.1.14519.5.2.1.6279.6001.183924380327950237519832859527,159
1.3.6.1.4.1.14519.5.2.1.6279.6001.183982839679953938397312236359,160
1.3.6.1.4.1.14519.5.2.1.6279.6001.184412674007117333405073397832,161
1.3.6.1.4.1.14519.5.2.1.6279.6001.185154482385982570363528682299,162
1.3.6.1.4.1.14519.5.2.1.6279.6001.185226274332527104841463955058,163
1.3.6.1.4.1.14519.5.2.1.6279.6001.187108608022306504546286626125,164
1.3.6.1.4.1.14519.5.2.1.6279.6001.187451715205085403623595258748,165
1.3.6.1.4.1.14519.5.2.1.6279.6001.187694838527128312070807533473,166
1.3.6.1.4.1.14519.5.2.1.6279.6001.187966156856911682643615997798,167
1.3.6.1.4.1.14519.5.2.1.6279.6001.188059920088313909273628445208,168
1.3.6.1.4.1.14519.5.2.1.6279.6001.188209889686363159853715266493,169
1.3.6.1.4.1.14519.5.2.1.6279.6001.188265424231150847356515802868,170
1.3.6.1.4.1.14519.5.2.1.6279.6001.188376349804761988217597754952,171
1.3.6.1.4.1.14519.5.2.1.6279.6001.188385286346390202873004762827,172
1.3.6.1.4.1.14519.5.2.1.6279.6001.188619674701053082195613114069,173
1.3.6.1.4.1.14519.5.2.1.6279.6001.189483585244687808087477024767,174
1.3.6.1.4.1.14519.5.2.1.6279.6001.190298296009658115773239776160,175
1.3.6.1.4.1.14519.5.2.1.6279.6001.191266041369462391833537519639,176
1.3.6.1.4.1.14519.5.2.1.6279.6001.192256506776434538421891524301,177
1.3.6.1.4.1.14519.5.2.1.6279.6001.192419869605596446455526220766,178
1.3.6.1.4.1.14519.5.2.1.6279.6001.193808128386712859512130599234,179
1.3.6.1.4.1.14519.5.2.1.6279.6001.193964947698259739624715468431,180
1.3.6.1.4.1.14519.5.2.1.6279.6001.194246472548954252250399902051,181
1.3.6.1.4.1.14519.5.2.1.6279.6001.194440094986948071643661798326,182
1.3.6.1.4.1.14519.5.2.1.6279.6001.194488534645348916700259325236,183
1.3.6.1.4.1.14519.5.2.1.6279.6001.194632613233275988184244485809,184
1.3.6.1.4.1.14519.5.2.1.6279.6001.194766721609772924944646251928,185
1.3.6.1.4.1.14519.5.2.1.6279.6001.195557219224169985110295082004,186
1.3.6.1.4.1.14519.5.2.1.6279.6001.195913706607582347421429908613,187
1.3.6.1.4.1.14519.5.2.1.6279.6001.196251645377731223510086726530,188
1.3.6.1.4.1.14519.5.2.1.6279.6001.197063290812663596858124411210,189
1.3.6.1.4.1.14519.5.2.1.6279.6001.198016798894102791158686961192,190
1.3.6.1.4.1.14519.5.2.1.6279.6001.198698492013538481395497694975,191
1.3.6.1.4.1.14519.5.2.1.6279.6001.199171741859530285887752432478,192
1.3.6.1.4.1.14519.5.2.1.6279.6001.199220738144407033276946096708,193
1.3.6.1.4.1.14519.5.2.1.6279.6001.199261544234308780356714831537,194
1.3.6.1.4.1.14519.5.2.1.6279.6001.199282854229880908602362094937,195
1.3.6.1.4.1.14519.5.2.1.6279.6001.199670099218798685977406484591,196
1.3.6.1.4.1.14519.5.2.1.6279.6001.199975006921901879512837687266,197
1.3.6.1.4.1.14519.5.2.1.6279.6001.200513183558872708878454294671,198
1.3.6.1.4.1.14519.5.2.1.6279.6001.200725988589959521302320481687,199
1.3.6.1.4.1.14519.5.2.1.6279.6001.200841000324240313648595016964,200
1.3.6.1.4.1.14519.5.2.1.6279.6001.202187810895588720702176009630,201
1.3.6.1.4.1.14519.5.2.1.6279.6001.202283133206014258077705539227,202
1.3.6.1.4.1.14519.5.2.1.6279.6001.202464973819273687476049035824,203
1.3.6.1.4.1.14519.5.2.1.6279.6001.202643836890896697853521610450,204
1.3.6.1.4.1.14519.5.2.1.6279.6001.202811684116768680758082619196,205
1.3.6.1.4.1.14519.5.2.1.6279.6001.204287915902811325371247860532,206
1.3.6.1.4.1.14519.5.2.1.6279.6001.204303454658845815034433453512,207
1.3.6.1.4.1.14519.5.2.1.6279.6001.204566802718283633558802774757,208
1.3.6.1.4.1.14519.5.2.1.6279.6001.204802250386343794613980417281,209
1.3.6.1.4.1.14519.5.2.1.6279.6001.205523326998654833765855998037,210
1.3.6.1.4.1.14519.5.2.1.6279.6001.205993750485568250373835565680,211
1.3.6.1.4.1.14519.5.2.1.6279.6001.206028343897359374907954580114,212
1.3.6.1.4.1.14519.5.2.1.6279.6001.206097113343059612247503064658,213
1.3.6.1.4.1.14519.5.2.1.6279.6001.206539885154775002929031534291,214
1.3.6.1.4.1.14519.5.2.1.6279.6001.207341668080525761926965850679,215
1.3.6.1.4.1.14519.5.2.1.6279.6001.208511362832825683639135205368,216
1.3.6.1.4.1.14519.5.2.1.6279.6001.208737629504245244513001631764,217
1.3.6.1.4.1.14519.5.2.1.6279.6001.211051626197585058967163339846,218
1.3.6.1.4.1.14519.5.2.1.6279.6001.211956804948320236390242845468,219
1.3.6.1.4.1.14519.5.2.1.6279.6001.212346425055214308006918165305,220
1.3.6.1.4.1.14519.5.2.1.6279.6001.212608679077007918190529579976,221
1.3.6.1.4.1.14519.5.2.1.6279.6001.213140617640021803112060161074,222
1.3.6.1.4.1.14519.5.2.1.6279.6001.213854687290736562463866711534,223
1.3.6.1.4.1.14519.5.2.1.6279.6001.214252223927572015414741039150,224
1.3.6.1.4.1.14519.5.2.1.6279.6001.214800939017429618305208626314,225
1.3.6.1.4.1.14519.5.2.1.6279.6001.215104063467523905369326175410,226
1.3.6.1.4.1.14519.5.2.1.6279.6001.215640837032688688030770057224,227
1.3.6.1.4.1.14519.5.2.1.6279.6001.215785045378334625097907422785,228
1.3.6.1.4.1.14519.5.2.1.6279.6001.216252660192313507027754194207,229
1.3.6.1.4.1.14519.5.2.1.6279.6001.216882370221919561230873289517,230
1.3.6.1.4.1.14519.5.2.1.6279.6001.217589936421986638139451480826,231
1.3.6.1.4.1.14519.5.2.1.6279.6001.217697417596902141600884006982,232
1.3.6.1.4.1.14519.5.2.1.6279.6001.217754016294471278921686508169,233
1.3.6.1.4.1.14519.5.2.1.6279.6001.217955041973656886482758642958,234
1.3.6.1.4.1.14519.5.2.1.6279.6001.218476624578721885561483687176,235
1.3.6.1.4.1.14519.5.2.1.6279.6001.219087313261026510628926082729,236
1.3.6.1.4.1.14519.5.2.1.6279.6001.219254430927834326484477690403,237
1.3.6.1.4.1.14519.5.2.1.6279.6001.219349715895470349269596532320,238
1.3.6.1.4.1.14519.5.2.1.6279.6001.219428004988664846407984058588,239
1.3.6.1.4.1.14519.5.2.1.6279.6001.219618492426142913407827034169,240
1.3.6.1.4.1.14519.5.2.1.6279.6001.219909753224298157409438012179,241
1.3.6.1.4.1.14519.5.2.1.6279.6001.220596530836092324070084384692,242
1.3.6.1.4.1.14519.5.2.1.6279.6001.221017801605543296514746423389,243
1.3.6.1.4.1.14519.5.2.1.6279.6001.222052723822248889877676736332,244
1.3.6.1.4.1.14519.5.2.1.6279.6001.224465398054769500989828256685,245
1.3.6.1.4.1.14519.5.2.1.6279.6001.225154811831720426832024114593,246
1.3.6.1.4.1.14519.5.2.1.6279.6001.225227615446398900698431118292,247
1.3.6.1.4.1.14519.5.2.1.6279.6001.225515255547637437801620523312,248
1.3.6.1.4.1.14519.5.2.1.6279.6001.226152078193253087875725735761,249
1.3.6.1.4.1.14519.5.2.1.6279.6001.226383054119800793308721198594,250
1.3.6.1.4.1.14519.5.2.1.6279.6001.226456162308124493341905600418,251
1.3.6.1.4.1.14519.5.2.1.6279.6001.226889213794065160713547677129,252
1.3.6.1.4.1.14519.5.2.1.6279.6001.227707494413800460340110762069,253
1.3.6.1.4.1.14519.5.2.1.6279.6001.227796349777753378641347819780,254
1.3.6.1.4.1.14519.5.2.1.6279.6001.227885601428639043345478571594,255
1.3.6.1.4.1.14519.5.2.1.6279.6001.227962600322799211676960828223,256
1.3.6.1.4.1.14519.5.2.1.6279.6001.227968442353440630355230778531,257
1.3.6.1.4.1.14519.5.2.1.6279.6001.228511122591230092662900221600,258
1.3.6.1.4.1.14519.5.2.1.6279.6001.228934821089041845791238006047,259
1.3.6.1.4.1.14519.5.2.1.6279.6001.229096941293122177107846044795,260
1.3.6.1.4.1.14519.5.2.1.6279.6001.229860476925100292554329427970,261
1.3.6.1.4.1.14519.5.2.1.6279.6001.230416590143922549745658357505,262
1.3.6.1.4.1.14519.5.2.1.6279.6001.230491296081537726468075344411,263
1.3.6.1.4.1.14519.5.2.1.6279.6001.230675342744370103160629638194,264
1.3.6.1.4.1.14519.5.2.1.6279.6001.231002159523969307155990628066,265
1.3.6.1.4.1.14519.5.2.1.6279.6001.232071262560365924176679652948,266
1.3.6.1.4.1.14519.5.2.1.6279.6001.233001470265230594739708503198,267
1.3.6.1.4.1.14519.5.2.1.6279.6001.233433352108264931671753343044,268
1.3.6.1.4.1.14519.5.2.1.6279.6001.233652865358649579816568545171,269
1.3.6.1.4.1.14519.5.2.1.6279.6001.235364978775280910367690540811,270
1.3.6.1.4.1.14519.5.2.1.6279.6001.237215747217294006286437405216,271
1.3.6.1.4.1.14519.5.2.1.6279.6001.237428977311365557972720635401,272
1.3.6.1.4.1.14519.5.2.1.6279.6001.238019241099704094018548301753,273
1.3.6.1.4.1.14519.5.2.1.6279.6001.238855414831158993232534884296,274
1.3.6.1.4.1.14519.5.2.1.6279.6001.239358021703233250639913775427,275
1.3.6.1.4.1.14519.5.2.1.6279.6001.240969450540588211676803094518,276
1.3.6.1.4.1.14519.5.2.1.6279.6001.241083615484551649610616348856,277
1.3.6.1.4.1.14519.5.2.1.6279.6001.241570579760883349458693655367,278
1.3.6.1.4.1.14519.5.2.1.6279.6001.241717018262666382493757419144,279
1.3.6.1.4.1.14519.5.2.1.6279.6001.242624386080831911167122628616,280
1.3.6.1.4.1.14519.5.2.1.6279.6001.242761658169703141430370511586,281
1.3.6.1.4.1.14519.5.2.1.6279.6001.243094273518213382155770295147,282
1.3.6.1.4.1.14519.5.2.1.6279.6001.244204120220889433826451158706,283
1.3.6.1.4.1.14519.5.2.1.6279.6001.244442540088515471945035689377,284
1.3.6.1.4.1.14519.5.2.1.6279.6001.244447966386688625240438849169,285
1.3.6.1.4.1.14519.5.2.1.6279.6001.244590453955380448651329424024,286
1.3.6.1.4.1.14519.5.2.1.6279.6001.244681063194071446501270815660,287
1.3.6.1.4.1.14519.5.2.1.6279.6001.245248446973732759194067808002,288
1.3.6.1.4.1.14519.5.2.1.6279.6001.245391706475696258069508046497,289
1.3.6.1.4.1.14519.5.2.1.6279.6001.246225645401227472829175288633,290
1.3.6.1.4.1.14519.5.2.1.6279.6001.246758220302211646532176593724,291
1.3.6.1.4.1.14519.5.2.1.6279.6001.247060297988514823071467295949,292
1.3.6.1.4.1.14519.5.2.1.6279.6001.247769845138587733933485039556,293
1.3.6.1.4.1.14519.5.2.1.6279.6001.247816269490470394602288565775,294
1.3.6.1.4.1.14519.5.2.1.6279.6001.248357157975955379661896491341,295
1.3.6.1.4.1.14519.5.2.1.6279.6001.249032660919473722154870746474,296
1.3.6.1.4.1.14519.5.2.1.6279.6001.249314567767437206995861966896,297
1.3.6.1.4.1.14519.5.2.1.6279.6001.249404938669582150398726875826,298
1.3.6.1.4.1.14519.5.2.1.6279.6001.249450003033735700817635168066,299
1.3.6.1.4.1.14519.5.2.1.6279.6001.249530219848512542668813996730,300
1.3.6.1.4.1.14519.5.2.1.6279.6001.250397690690072950000431855143,301
1.3.6.1.4.1.14519.5.2.1.6279.6001.250481236093201801255751845296,302
1.3.6.1.4.1.14519.5.2.1.6279.6001.250863365157630276148828903732,303
1.3.6.1.4.1.14519.5.2.1.6279.6001.251215764736737018371915284679,304
1.3.6.1.4.1.14519.5.2.1.6279.6001.252358625003143649770119512644,305
1.3.6.1.4.1.14519.5.2.1.6279.6001.252634638822000832774167856951,306
1.3.6.1.4.1.14519.5.2.1.6279.6001.252697338970999211181671881792,307
1.3.6.1.4.1.14519.5.2.1.6279.6001.252814707117018427472206147014,308
1.3.6.1.4.1.14519.5.2.1.6279.6001.253322967203074795232627653819,309
1.3.6.1.4.1.14519.5.2.1.6279.6001.254254303842550572473665729969,310
1.3.6.1.4.1.14519.5.2.1.6279.6001.254473943359963613733707320244,311
1.3.6.1.4.1.14519.5.2.1.6279.6001.254957696184671649675053562027,312
1.3.6.1.4.1.14519.5.2.1.6279.6001.255999614855292116767517149228,313
1.3.6.1.4.1.14519.5.2.1.6279.6001.257383535269991165447822992959,314
1.3.6.1.4.1.14519.5.2.1.6279.6001.257515388956260258681136624817,315
1.3.6.1.4.1.14519.5.2.1.6279.6001.257840703452266097926250569223,316
1.3.6.1.4.1.14519.5.2.1.6279.6001.258220324170977900491673635112,317
1.3.6.1.4.1.14519.5.2.1.6279.6001.259123825760999546551970425757,318
1.3.6.1.4.1.14519.5.2.1.6279.6001.259124675432205040899951626253,319
1.3.6.1.4.1.14519.5.2.1.6279.6001.259227883564429312164962953756,320
1.3.6.1.4.1.14519.5.2.1.6279.6001.259543921154154401875872845498,321
1.3.6.1.4.1.14519.5.2.1.6279.6001.261700367741314729940340271960,322
1.3.6.1.4.1.14519.5.2.1.6279.6001.262736997975960398949912434623,323
1.3.6.1.4.1.14519.5.2.1.6279.6001.262873069163227096134627700599,324
1.3.6.1.4.1.14519.5.2.1.6279.6001.264251211689085893915477907261,325
1.3.6.1.4.1.14519.5.2.1.6279.6001.265453131727473342790950829556,326
1.3.6.1.4.1.14519.5.2.1.6279.6001.265775376735520890308424143898,327
1.3.6.1.4.1.14519.5.2.1.6279.6001.265780642925621389994857727416,328
1.3.6.1.4.1.14519.5.2.1.6279.6001.265960756233787099041040311282,329
1.3.6.1.4.1.14519.5.2.1.6279.6001.267519732763035023633235877753,330
1.3.6.1.4.1.14519.5.2.1.6279.6001.267957701183569638795986183786,331
1.3.6.1.4.1.14519.5.2.1.6279.6001.268030488196493755113553009785,332
1.3.6.1.4.1.14519.5.2.1.6279.6001.268992195564407418480563388746,333
1.3.6.1.4.1.14519.5.2.1.6279.6001.269075535958871753309238331179,334
1.3.6.1.4.1.14519.5.2.1.6279.6001.270152671889301412052226973069,335
1.3.6.1.4.1.14519.5.2.1.6279.6001.270215889102603268207599305185,336
1.3.6.1.4.1.14519.5.2.1.6279.6001.270390050141765094612147226290,337
1.3.6.1.4.1.14519.5.2.1.6279.6001.270951128717816232360812849541,338
1.3.6.1.4.1.14519.5.2.1.6279.6001.271220641987745483198036913951,339
1.3.6.1.4.1.14519.5.2.1.6279.6001.271307051432838466826189754230,340
1.3.6.1.4.1.14519.5.2.1.6279.6001.272042302501586336192628818865,341
1.3.6.1.4.1.14519.5.2.1.6279.6001.272123398257168239653655006815,342
1.3.6.1.4.1.14519.5.2.1.6279.6001.272190966764020277652079081128,343
1.3.6.1.4.1.14519.5.2.1.6279.6001.272344603176687884771013620823,344
1.3.6.1.4.1.14519.5.2.1.6279.6001.272348349298439120568330857680,345
1.3.6.1.4.1.14519.5.2.1.6279.6001.272961322147784625028175033640,346
1.3.6.1.4.1.14519.5.2.1.6279.6001.273525289046256012743471155680,347
1.3.6.1.4.1.14519.5.2.1.6279.6001.274052674198758621258447180130,348
1.3.6.1.4.1.14519.5.2.1.6279.6001.275007193025729362844652516689,349
1.3.6.1.4.1.14519.5.2.1.6279.6001.275755514659958628040305922764,350
1.3.6.1.4.1.14519.5.2.1.6279.6001.275766318636944297772360944907,351
1.3.6.1.4.1.14519.5.2.1.6279.6001.275986221854423197884953496664,352
1.3.6.1.4.1.14519.5.2.1.6279.6001.276556509002726404418399209377,353
1.3.6.1.4.1.14519.5.2.1.6279.6001.276710697414087561012670296643,354
1.3.6.1.4.1.14519.5.2.1.6279.6001.277445975068759205899107114231,355
1.3.6.1.4.1.14519.5.2.1.6279.6001.277452631455527999380186898011,356
1.3.6.1.4.1.14519.5.2.1.6279.6001.277662902666135640561346462196,357
1.3.6.1.4.1.14519.5.2.1.6279.6001.278010349511857248000260557753,358
1.3.6.1.4.1.14519.5.2.1.6279.6001.279300249795483097365868125932,359
1.3.6.1.4.1.14519.5.2.1.6279.6001.280072876841890439628529365478,360
1.3.6.1.4.1.14519.5.2.1.6279.6001.280125803152924778388346920341,361
1.3.6.1.4.1.14519.5.2.1.6279.6001.281489753704424911132261151767,362
1.3.6.1.4.1.14519.5.2.1.6279.6001.282512043257574309474415322775,363
1.3.6.1.4.1.14519.5.2.1.6279.6001.282779922503707013097174625409,364
1.3.6.1.4.1.14519.5.2.1.6279.6001.283569726884265181140892667131,365
1.3.6.1.4.1.14519.5.2.1.6279.6001.283733738239331719775105586296,366
1.3.6.1.4.1.14519.5.2.1.6279.6001.286217539434358186648717203667,367
1.3.6.1.4.1.14519.5.2.1.6279.6001.286422846896797433168187085942,368
1.3.6.1.4.1.14519.5.2.1.6279.6001.287560874054243719452635194040,369
1.3.6.1.4.1.14519.5.2.1.6279.6001.287966244644280690737019247886,370
1.3.6.1.4.1.14519.5.2.1.6279.6001.288701997968615460794642979503,371
1.3.6.1.4.1.14519.5.2.1.6279.6001.290135156874098366424871975734,372
1.3.6.1.4.1.14519.5.2.1.6279.6001.291539125579672469833850180824,373
1.3.6.1.4.1.14519.5.2.1.6279.6001.292057261351416339496913597985,374
1.3.6.1.4.1.14519.5.2.1.6279.6001.292194861362266467652267941663,375
1.3.6.1.4.1.14519.5.2.1.6279.6001.292994770358625142596171316474,376
1.3.6.1.4.1.14519.5.2.1.6279.6001.293593766328917170359373773080,377
1.3.6.1.4.1.14519.5.2.1.6279.6001.293757615532132808762625441831,378
1.3.6.1.4.1.14519.5.2.1.6279.6001.294120933998772507043263238704,379
1.3.6.1.4.1.14519.5.2.1.6279.6001.294188507421106424248264912111,380
1.3.6.1.4.1.14519.5.2.1.6279.6001.295298571102631191572192562523,381
1.3.6.1.4.1.14519.5.2.1.6279.6001.295420274214095686326263147663,382
1.3.6.1.4.1.14519.5.2.1.6279.6001.295462530340364058116953738925,383
1.3.6.1.4.1.14519.5.2.1.6279.6001.296738183013079390785739615169,384
1.3.6.1.4.1.14519.5.2.1.6279.6001.297433269262659217151107535012,385
1.3.6.1.4.1.14519.5.2.1.6279.6001.297964221542942838344351735414,386
1.3.6.1.4.1.14519.5.2.1.6279.6001.297988578825170426663869669862,387
1.3.6.1.4.1.14519.5.2.1.6279.6001.299476369290630280560355838785,388
1.3.6.1.4.1.14519.5.2.1.6279.6001.299767339686526858593516834230,389
1.3.6.1.4.1.14519.5.2.1.6279.6001.299806338046301317870803017534,390
1.3.6.1.4.1.14519.5.2.1.6279.6001.300136985030081433029390459071,391
1.3.6.1.4.1.14519.5.2.1.6279.6001.300146276266881736689307479986,392
1.3.6.1.4.1.14519.5.2.1.6279.6001.300246184547502297539521283806,393
1.3.6.1.4.1.14519.5.2.1.6279.6001.300270516469599170290456821227,394
1.3.6.1.4.1.14519.5.2.1.6279.6001.301462380687644451483231621986,395
1.3.6.1.4.1.14519.5.2.1.6279.6001.301582691063019848479942618641,396
1.3.6.1.4.1.14519.5.2.1.6279.6001.302403227435841351528721627052,397
1.3.6.1.4.1.14519.5.2.1.6279.6001.302557165094691896097534021075,398
1.3.6.1.4.1.14519.5.2.1.6279.6001.303421828981831854739626597495,399
1.3.6.1.4.1.14519.5.2.1.6279.6001.304700823314998198591652152637,400
1.3.6.1.4.1.14519.5.2.1.6279.6001.305858704835252413616501469037,401
1.3.6.1.4.1.14519.5.2.1.6279.6001.305887072264491016857673607285,402
1.3.6.1.4.1.14519.5.2.1.6279.6001.306948744223170422945185006551,403
1.3.6.1.4.1.14519.5.2.1.6279.6001.307835307280028057486413359377,404
1.3.6.1.4.1.14519.5.2.1.6279.6001.308655308958459380153492314021,405
1.3.6.1.4.1.14519.5.2.1.6279.6001.309672797925724868457151381131,406
1.3.6.1.4.1.14519.5.2.1.6279.6001.309901913847714156367981722205,407
1.3.6.1.4.1.14519.5.2.1.6279.6001.309955999522338651429118207446,408
1.3.6.1.4.1.14519.5.2.1.6279.6001.310395752124284049604069960014,409
1.3.6.1.4.1.14519.5.2.1.6279.6001.310548927038333190233889983845,410
1.3.6.1.4.1.14519.5.2.1.6279.6001.311476128731958142981941696518,411
1.3.6.1.4.1.14519.5.2.1.6279.6001.312127933722985204808706697221,412
1.3.6.1.4.1.14519.5.2.1.6279.6001.312704771348460502013249647868,413
1.3.6.1.4.1.14519.5.2.1.6279.6001.313283554967554803238484128406,414
1.3.6.1.4.1.14519.5.2.1.6279.6001.313334055029671473836954456733,415
1.3.6.1.4.1.14519.5.2.1.6279.6001.313605260055394498989743099991,416
1.3.6.1.4.1.14519.5.2.1.6279.6001.313835996725364342034830119490,417
1.3.6.1.4.1.14519.5.2.1.6279.6001.314789075871001236641548593165,418
1.3.6.1.4.1.14519.5.2.1.6279.6001.315187221221054114974341475212,419
1.3.6.1.4.1.14519.5.2.1.6279.6001.315214756157389122376518747372,420
1.3.6.1.4.1.14519.5.2.1.6279.6001.315770913282450940389971401304,421
1.3.6.1.4.1.14519.5.2.1.6279.6001.316900421002460665752357657094,422
1.3.6.1.4.1.14519.5.2.1.6279.6001.316911475886263032009840828684,423
1.3.6.1.4.1.14519.5.2.1.6279.6001.317087518531899043292346860596,424
1.3.6.1.4.1.14519.5.2.1.6279.6001.319066480138812986026181758474,425
1.3.6.1.4.1.14519.5.2.1.6279.6001.320111824803959660037459294083,426
1.3.6.1.4.1.14519.5.2.1.6279.6001.321465552859463184018938648244,427
1.3.6.1.4.1.14519.5.2.1.6279.6001.321935195060268166151738328001,428
1.3.6.1.4.1.14519.5.2.1.6279.6001.323302986710576400812869264321,429
1.3.6.1.4.1.14519.5.2.1.6279.6001.323408652979949774528873200770,430
1.3.6.1.4.1.14519.5.2.1.6279.6001.323426705628838942177546503237,431
1.3.6.1.4.1.14519.5.2.1.6279.6001.323535944958374186208096541480,432
1.3.6.1.4.1.14519.5.2.1.6279.6001.323541312620128092852212458228,433
1.3.6.1.4.1.14519.5.2.1.6279.6001.323753921818102744511069914832,434
1.3.6.1.4.1.14519.5.2.1.6279.6001.323859712968543712594665815359,435
1.3.6.1.4.1.14519.5.2.1.6279.6001.323899724653546164058849558431,436
1.3.6.1.4.1.14519.5.2.1.6279.6001.324290109423920971676288828329,437
1.3.6.1.4.1.14519.5.2.1.6279.6001.324567010179873305471925391582,438
1.3.6.1.4.1.14519.5.2.1.6279.6001.325164338773720548739146851679,439
1.3.6.1.4.1.14519.5.2.1.6279.6001.326057189095429101398977448288,440
1.3.6.1.4.1.14519.5.2.1.6279.6001.328789598898469177563438457842,441
1.3.6.1.4.1.14519.5.2.1.6279.6001.328944769569002417592093467626,442
1.3.6.1.4.1.14519.5.2.1.6279.6001.329404588567903628160652715124,443
1.3.6.1.4.1.14519.5.2.1.6279.6001.329624439086643515259182406526,444
1.3.6.1.4.1.14519.5.2.1.6279.6001.330544495001617450666819906758,445
1.3.6.1.4.1.14519.5.2.1.6279.6001.332829333783605240302521201463,446
1.3.6.1.4.1.14519.5.2.1.6279.6001.333145094436144085379032922488,447
1.3.6.1.4.1.14519.5.2.1.6279.6001.334105754605642100456249422350,448
1.3.6.1.4.1.14519.5.2.1.6279.6001.334517907433161353885866806005,449
1.3.6.1.4.1.14519.5.2.1.6279.6001.336225579776978874775723463327,450
1.3.6.1.4.1.14519.5.2.1.6279.6001.336894364358709782463716339027,451
1.3.6.1.4.1.14519.5.2.1.6279.6001.337005960787660957389988207064,452
1.3.6.1.4.1.14519.5.2.1.6279.6001.337845202462615014431060697507,453
1.3.6.1.4.1.14519.5.2.1.6279.6001.338104567770715523699587505022,454
1.3.6.1.4.1.14519.5.2.1.6279.6001.338114620394879648539943280992,455
1.3.6.1.4.1.14519.5.2.1.6279.6001.338447145504282422142824032832,456
1.3.6.1.4.1.14519.5.2.1.6279.6001.338875090785618956575597613546,457
1.3.6.1.4.1.14519.5.2.1.6279.6001.339142594937666268384335506819,458
1.3.6.1.4.1.14519.5.2.1.6279.6001.339546614783708685476232944897,459
1.3.6.1.4.1.14519.5.2.1.6279.6001.339882192295517122002429068974,460
1.3.6.1.4.1.14519.5.2.1.6279.6001.340158437895922179455019686521,461
1.3.6.1.4.1.14519.5.2.1.6279.6001.346115813056769250958550383763,462
1.3.6.1.4.1.14519.5.2.1.6279.6001.362762275895885013176610377950,463
1.3.6.1.4.1.14519.5.2.1.6279.6001.367204840301639918160517361062,464
1.3.6.1.4.1.14519.5.2.1.6279.6001.387954549120924524005910602207,465
1.3.6.1.4.1.14519.5.2.1.6279.6001.390513733720659266816639651938,466
1.3.6.1.4.1.14519.5.2.1.6279.6001.392861216720727557882279374324,467
1.3.6.1.4.1.14519.5.2.1.6279.6001.394470743585708729682444806008,468
1.3.6.1.4.1.14519.5.2.1.6279.6001.395623571499047043765181005112,469
1.3.6.1.4.1.14519.5.2.1.6279.6001.397522780537301776672854630421,470
1.3.6.1.4.1.14519.5.2.1.6279.6001.401389720232123950202941034290,471
1.3.6.1.4.1.14519.5.2.1.6279.6001.404364125369979066736354549484,472
1.3.6.1.4.1.14519.5.2.1.6279.6001.404457313935200882843898832756,473
1.3.6.1.4.1.14519.5.2.1.6279.6001.404768898286087278137462774930,474
1.3.6.1.4.1.14519.5.2.1.6279.6001.413896555982844732694353377538,475
1.3.6.1.4.1.14519.5.2.1.6279.6001.416701701108520592702405866796,476
1.3.6.1.4.1.14519.5.2.1.6279.6001.417815314896088956784723476543,477
1.3.6.1.4.1.14519.5.2.1.6279.6001.419601611032172899567156073142,478
1.3.6.1.4.1.14519.5.2.1.6279.6001.430109407146633213496148200410,479
1.3.6.1.4.1.14519.5.2.1.6279.6001.438308540025607517017949816111,480
1.3.6.1.4.1.14519.5.2.1.6279.6001.439153572396640163898529626096,481
1.3.6.1.4.1.14519.5.2.1.6279.6001.440226700369921575481834344455,482
1.3.6.1.4.1.14519.5.2.1.6279.6001.443400977949406454649939526179,483
1.3.6.1.4.1.14519.5.2.1.6279.6001.450501966058662668272378865145,484
1.3.6.1.4.1.14519.5.2.1.6279.6001.454273545863197752384437758130,485
1.3.6.1.4.1.14519.5.2.1.6279.6001.458525794434429386945463560826,486
1.3.6.1.4.1.14519.5.2.1.6279.6001.461155505515403114280165935891,487
1.3.6.1.4.1.14519.5.2.1.6279.6001.463214953282361219537913355115,488
1.3.6.1.4.1.14519.5.2.1.6279.6001.466284753932369813717081722101,489
1.3.6.1.4.1.14519.5.2.1.6279.6001.478062284228419671253422844986,490
1.3.6.1.4.1.14519.5.2.1.6279.6001.479402560265137632920333093071,491
1.3.6.1.4.1.14519.5.2.1.6279.6001.481278873893653517789960724156,492
1.3.6.1.4.1.14519.5.2.1.6279.6001.483655032093002252444764787700,493
1.3.6.1.4.1.14519.5.2.1.6279.6001.486999111981013268988489262668,494
1.3.6.1.4.1.14519.5.2.1.6279.6001.487268565754493433372433148666,495
1.3.6.1.4.1.14519.5.2.1.6279.6001.487745546557477250336016826588,496
1.3.6.1.4.1.14519.5.2.1.6279.6001.503980049263254396021509831276,497
1.3.6.1.4.1.14519.5.2.1.6279.6001.504845428620607044098514803031,498
1.3.6.1.4.1.14519.5.2.1.6279.6001.511347030803753100045216493273,499
1.3.6.1.4.1.14519.5.2.1.6279.6001.513023675145166449943177283490,500
1.3.6.1.4.1.14519.5.2.1.6279.6001.518487185634324801733841260431,501
1.3.6.1.4.1.14519.5.2.1.6279.6001.525937963993475482158828421281,502
1.3.6.1.4.1.14519.5.2.1.6279.6001.534006575256943390479252771547,503
1.3.6.1.4.1.14519.5.2.1.6279.6001.534083630500464995109143618896,504
1.3.6.1.4.1.14519.5.2.1.6279.6001.550599855064600241623943717588,505
1.3.6.1.4.1.14519.5.2.1.6279.6001.557875302364105947813979213632,506
1.3.6.1.4.1.14519.5.2.1.6279.6001.558286136379689377915919180358,507
1.3.6.1.4.1.14519.5.2.1.6279.6001.561458563853929400124470098603,508
1.3.6.1.4.1.14519.5.2.1.6279.6001.566816709786169715745131047975,509
1.3.6.1.4.1.14519.5.2.1.6279.6001.569096986145782511000054443951,510
1.3.6.1.4.1.14519.5.2.1.6279.6001.584871944187559733312703328980,511
1.3.6.1.4.1.14519.5.2.1.6279.6001.592821488053137951302246128864,512
1.3.6.1.4.1.14519.5.2.1.6279.6001.603126300703296693942875967838,513
1.3.6.1.4.1.14519.5.2.1.6279.6001.603166427542096384265514998412,514
1.3.6.1.4.1.14519.5.2.1.6279.6001.613212850444255764524630781782,515
1.3.6.1.4.1.14519.5.2.1.6279.6001.614147706162329660656328811671,516
1.3.6.1.4.1.14519.5.2.1.6279.6001.616033753016904899083676284739,517
1.3.6.1.4.1.14519.5.2.1.6279.6001.618434772073433276874225174904,518
1.3.6.1.4.1.14519.5.2.1.6279.6001.621916089407825046337959219998,519
1.3.6.1.4.1.14519.5.2.1.6279.6001.624425075947752229712087113746,520
1.3.6.1.4.1.14519.5.2.1.6279.6001.625270601160880745954773142570,521
1.3.6.1.4.1.14519.5.2.1.6279.6001.627998298349675613581885874395,522
1.3.6.1.4.1.14519.5.2.1.6279.6001.631047517458234322522264161877,523
1.3.6.1.4.1.14519.5.2.1.6279.6001.640729228179368154416184318668,524
1.3.6.1.4.1.14519.5.2.1.6279.6001.652347820272212119124022644822,525
1.3.6.1.4.1.14519.5.2.1.6279.6001.655242448149322898770987310561,526
1.3.6.1.4.1.14519.5.2.1.6279.6001.658611160253017715059194304729,527
1.3.6.1.4.1.14519.5.2.1.6279.6001.663019255629770796363333877035,528
1.3.6.1.4.1.14519.5.2.1.6279.6001.669435869708883155232318480131,529
1.3.6.1.4.1.14519.5.2.1.6279.6001.670107649586205629860363487713,530
1.3.6.1.4.1.14519.5.2.1.6279.6001.674809958213117379592437424616,531
1.3.6.1.4.1.14519.5.2.1.6279.6001.675543413149938600000570588203,532
1.3.6.1.4.1.14519.5.2.1.6279.6001.690929968028676628605553365896,533
1.3.6.1.4.1.14519.5.2.1.6279.6001.692598144815688523679745963696,534
1.3.6.1.4.1.14519.5.2.1.6279.6001.693480911433291675609148051914,535
1.3.6.1.4.1.14519.5.2.1.6279.6001.712472578497712558367294720243,536
1.3.6.1.4.1.14519.5.2.1.6279.6001.716498695101447665580610403574,537
1.3.6.1.4.1.14519.5.2.1.6279.6001.724251104254976962355686318345,538
1.3.6.1.4.1.14519.5.2.1.6279.6001.724562063158320418413995627171,539
1.3.6.1.4.1.14519.5.2.1.6279.6001.725023183844147505748475581290,540
1.3.6.1.4.1.14519.5.2.1.6279.6001.725236073737175770730904408416,541
1.3.6.1.4.1.14519.5.2.1.6279.6001.733642690503782454656013446707,542
1.3.6.1.4.1.14519.5.2.1.6279.6001.741709061958490690246385302477,543
1.3.6.1.4.1.14519.5.2.1.6279.6001.747803439040091794717626507402,544
1.3.6.1.4.1.14519.5.2.1.6279.6001.750792629100457382099842515038,545
1.3.6.1.4.1.14519.5.2.1.6279.6001.752756872840730509471096155114,546
1.3.6.1.4.1.14519.5.2.1.6279.6001.756684168227383088294595834066,547
1.3.6.1.4.1.14519.5.2.1.6279.6001.765459236550358748053283544075,548
1.3.6.1.4.1.14519.5.2.1.6279.6001.765930210026773090100532964804,549
1.3.6.1.4.1.14519.5.2.1.6279.6001.768276876111112560631432843476,550
1.3.6.1.4.1.14519.5.2.1.6279.6001.771741891125176943862272696845,551
1.3.6.1.4.1.14519.5.2.1.6279.6001.771831598853841017505646275338,552
1.3.6.1.4.1.14519.5.2.1.6279.6001.774060103415303828812229821954,553
1.3.6.1.4.1.14519.5.2.1.6279.6001.776800177074349870648765614630,554
1.3.6.1.4.1.14519.5.2.1.6279.6001.779493719385047675154892222907,555
1.3.6.1.4.1.14519.5.2.1.6279.6001.780558315515979171413904604168,556
1.3.6.1.4.1.14519.5.2.1.6279.6001.792381786708289670758399079830,557
1.3.6.1.4.1.14519.5.2.1.6279.6001.797637294244261543517154417124,558
1.3.6.1.4.1.14519.5.2.1.6279.6001.799582546798528864710752164515,559
1.3.6.1.4.1.14519.5.2.1.6279.6001.801945620899034889998809817499,560
1.3.6.1.4.1.14519.5.2.1.6279.6001.803987517543436570820681016103,561
1.3.6.1.4.1.14519.5.2.1.6279.6001.805925269324902055566754756843,562
1.3.6.1.4.1.14519.5.2.1.6279.6001.822128649427327893802314908658,563
1.3.6.1.4.1.14519.5.2.1.6279.6001.826812708000318290301835871780,564
1.3.6.1.4.1.14519.5.2.1.6279.6001.826829446346820089862659555750,565
1.3.6.1.4.1.14519.5.2.1.6279.6001.832260670372728970918746541371,566
1.3.6.1.4.1.14519.5.2.1.6279.6001.837810280808122125183730411210,567
1.3.6.1.4.1.14519.5.2.1.6279.6001.842317928015463083368074520378,568
1.3.6.1.4.1.14519.5.2.1.6279.6001.850739282072340578344345230132,569
1.3.6.1.4.1.14519.5.2.1.6279.6001.861997885565255340442123234170,570
1.3.6.1.4.1.14519.5.2.1.6279.6001.866845763956586959109892274084,571
1.3.6.1.4.1.14519.5.2.1.6279.6001.868211851413924881662621747734,572
1.3.6.1.4.1.14519.5.2.1.6279.6001.877026508860018521147620598474,573
1.3.6.1.4.1.14519.5.2.1.6279.6001.882070241245008756731854510592,574
1.3.6.1.4.1.14519.5.2.1.6279.6001.892375496445736188832556446335,575
1.3.6.1.4.1.14519.5.2.1.6279.6001.897684031374557757145405000951,576
1.3.6.1.4.1.14519.5.2.1.6279.6001.898642529028521482602829374444,577
1.3.6.1.4.1.14519.5.2.1.6279.6001.900182736599353600185270496549,578
1.3.6.1.4.1.14519.5.2.1.6279.6001.905371958588660410240398317235,579
1.3.6.1.4.1.14519.5.2.1.6279.6001.908250781706513856628130123235,580
1.3.6.1.4.1.14519.5.2.1.6279.6001.910435939545691201820711078950,581
1.3.6.1.4.1.14519.5.2.1.6279.6001.910607280658963002048724648683,582
1.3.6.1.4.1.14519.5.2.1.6279.6001.922852847124879997825997808179,583
1.3.6.1.4.1.14519.5.2.1.6279.6001.931383239747372227838946053237,584
1.3.6.1.4.1.14519.5.2.1.6279.6001.935683764293840351008008793409,585
1.3.6.1.4.1.14519.5.2.1.6279.6001.939152384493874708850321969356,586
1.3.6.1.4.1.14519.5.2.1.6279.6001.943403138251347598519939390311,587
1.3.6.1.4.1.14519.5.2.1.6279.6001.944888107209008719031293531091,588
1.3.6.1.4.1.14519.5.2.1.6279.6001.946129570505893110165820050204,589
1.3.6.1.4.1.14519.5.2.1.6279.6001.948414623428298219623354433437,590
1.3.6.1.4.1.14519.5.2.1.6279.6001.952265563663939823135367733681,591
1.3.6.1.4.1.14519.5.2.1.6279.6001.955688628308192728558382581802,592
1.3.6.1.4.1.14519.5.2.1.6279.6001.961063442349005937536597225349,593
1.3.6.1.4.1.14519.5.2.1.6279.6001.964952370561266624992539111877,594
1.3.6.1.4.1.14519.5.2.1.6279.6001.970264865033574190975654369557,595
1.3.6.1.4.1.14519.5.2.1.6279.6001.970428941353693253759289796610,596
1.3.6.1.4.1.14519.5.2.1.6279.6001.975426625618184773401026809852,597
1.3.6.1.4.1.14519.5.2.1.6279.6001.979083010707182900091062408058,598
1.3.6.1.4.1.14519.5.2.1.6279.6001.994459772950022352718462251777,599
1.3.6.1.4.1.14519.5.2.1.6279.6001.997611074084993415992563148335,600